-- phpMyAdmin SQL Dump
-- version 5.2.1
-- https://www.phpmyadmin.net/
--
-- Hôte : 127.0.0.1
-- Généré le : mar. 05 déc. 2023 à 13:43
-- Version du serveur : 10.4.28-MariaDB
-- Version de PHP : 8.1.17

SET SQL_MODE = "NO_AUTO_VALUE_ON_ZERO";
START TRANSACTION;
SET time_zone = "+00:00";


/*!40101 SET @OLD_CHARACTER_SET_CLIENT=@@CHARACTER_SET_CLIENT */;
/*!40101 SET @OLD_CHARACTER_SET_RESULTS=@@CHARACTER_SET_RESULTS */;
/*!40101 SET @OLD_COLLATION_CONNECTION=@@COLLATION_CONNECTION */;
/*!40101 SET NAMES utf8mb4 */;

--
-- Base de données : `game`
--

-- --------------------------------------------------------

--
-- Structure de la table `attemps`
--

CREATE TABLE `attemps` (
  `id` int(11) NOT NULL,
  `user_id` int(11) DEFAULT NULL,
  `value` int(11) DEFAULT NULL,
  `attemp_date` date DEFAULT current_timestamp(),
  `game_id` int(11) DEFAULT NULL
) ENGINE=InnoDB DEFAULT CHARSET=utf8mb4 COLLATE=utf8mb4_general_ci;

--
-- Déchargement des données de la table `attemps`
--

INSERT INTO `attemps` (`id`, `user_id`, `value`, `attemp_date`, `game_id`) VALUES
(10, 3, 50, '2023-12-05', 9),
(11, 3, 75, '2023-12-05', 9),
(12, 3, 72, '2023-12-05', 9),
(13, 4, 50, '2023-12-05', 11),
(14, 4, 25, '2023-12-05', 11),
(15, 4, 75, '2023-12-05', 11),
(16, 4, 88, '2023-12-05', 11),
(17, 4, 90, '2023-12-05', 11),
(18, 4, 89, '2023-12-05', 11),
(19, 4, 50, '2023-12-05', 12),
(20, 4, 75, '2023-12-05', 12),
(21, 4, 50, '2023-12-05', 12),
(22, 4, 25, '2023-12-05', 12),
(23, 4, 10, '2023-12-05', 12),
(24, 4, 50, '2023-12-05', 13),
(25, 4, 75, '2023-12-05', 13),
(26, 4, 34, '2023-12-05', 13),
(27, 4, 23, '2023-12-05', 13),
(28, 4, 50, '2023-12-05', 13),
(29, 4, 90, '2023-12-05', 13),
(30, 4, 99, '2023-12-05', 13),
(31, 4, 95, '2023-12-05', 13),
(32, 4, 96, '2023-12-05', 13),
(33, 4, 97, '2023-12-05', 13),
(34, 4, 50, '2023-12-05', 14),
(35, 4, 50, '2023-12-05', 14),
(36, 4, 25, '2023-12-05', 14),
(37, 4, 37, '2023-12-05', 14),
(38, 4, 45, '2023-12-05', 14),
(39, 4, 43, '2023-12-05', 14),
(40, 4, 40, '2023-12-05', 14),
(41, 4, 39, '2023-12-05', 14),
(42, 5, 50, '2023-12-05', 16),
(43, 5, 75, '2023-12-05', 16),
(44, 5, 65, '2023-12-05', 16),
(45, 5, 66, '2023-12-05', 16),
(46, 5, 70, '2023-12-05', 16),
(47, 5, 69, '2023-12-05', 16),
(48, 5, 68, '2023-12-05', 16),
(49, 5, 67, '2023-12-05', 16),
(50, 5, 42, '2023-12-05', 17),
(51, 5, 97, '2023-12-05', 17),
(52, 6, 50, '2023-12-05', 19),
(53, 6, 75, '2023-12-05', 19),
(54, 6, 87, '2023-12-05', 19),
(55, 6, 95, '2023-12-05', 19),
(56, 6, 94, '2023-12-05', 19),
(57, 6, 50, '2023-12-05', 20),
(58, 6, 25, '2023-12-05', 20),
(59, 6, 12, '2023-12-05', 20),
(60, 6, 74, '2023-12-05', 20),
(61, 6, 50, '2023-12-05', 21),
(62, 6, 60, '2023-12-05', 21),
(63, 6, 70, '2023-12-05', 21),
(64, 6, 80, '2023-12-05', 21),
(65, 6, 90, '2023-12-05', 21),
(66, 6, 85, '2023-12-05', 21),
(67, 6, 50, '2023-12-05', 22),
(68, 6, 32, '2023-12-05', 22),
(69, 6, 60, '2023-12-05', 23),
(70, 6, 60, '2023-12-05', 23),
(71, 6, 7, '2023-12-05', 23),
(72, 6, 60, '2023-12-05', 24),
(73, 6, 65, '2023-12-05', 24),
(74, 6, 83, '2023-12-05', 24),
(75, 4, 50, '2023-12-05', 15),
(76, 4, 64, '2023-12-05', 15),
(77, 4, 87, '2023-12-05', 15),
(78, 4, 62, '2023-12-05', 15),
(79, 4, 62, '2023-12-05', 15),
(80, 4, 29, '2023-12-05', 15),
(81, 4, 45, '2023-12-05', 26),
(82, 4, 55, '2023-12-05', 26),
(83, 4, 65, '2023-12-05', 26),
(84, 4, 85, '2023-12-05', 26),
(85, 4, 95, '2023-12-05', 26),
(86, 4, 99, '2023-12-05', 26),
(87, 4, 98, '2023-12-05', 26),
(88, 5, 50, '2023-12-05', 18),
(89, 3, 50, '2023-12-05', 10),
(90, 3, 50, '2023-12-05', 10),
(91, 4, 50, '2023-12-05', 27),
(92, 4, 50, '2023-12-05', 27),
(93, 4, 75, '2023-12-05', 27),
(94, 4, 87, '2023-12-05', 27),
(95, 4, 80, '2023-12-05', 27),
(96, 4, 77, '2023-12-05', 27),
(97, 4, 60, '2023-12-05', 28),
(98, 4, 60, '2023-12-05', 28),
(99, 4, 80, '2023-12-05', 28),
(100, 4, 90, '2023-12-05', 28),
(101, 4, 85, '2023-12-05', 28),
(102, 4, 82, '2023-12-05', 28),
(103, 4, 81, '2023-12-05', 28),
(104, 4, 50, '2023-12-05', 29),
(105, 8, 50, '2023-12-05', 30),
(106, 8, 60, '2023-12-05', 30),
(107, 8, 17, '2023-12-05', 30),
(108, 8, 50, '2023-12-05', 31),
(109, 8, 645, '2023-12-05', 31),
(110, 8, 60, '2023-12-05', 31),
(111, 8, 60, '2023-12-05', 31),
(112, 8, 30, '2023-12-05', 31),
(113, 8, 50, '2023-12-05', 31),
(114, 8, 55, '2023-12-05', 31),
(115, 8, 57, '2023-12-05', 31),
(116, 8, 56, '2023-12-05', 31),
(117, 8, 57, '2023-12-05', 31),
(118, 8, 58, '2023-12-05', 31),
(119, 8, 59, '2023-12-05', 31),
(120, 8, 57, '2023-12-05', 32),
(121, 8, 50, '2023-12-05', 32),
(122, 8, 75, '2023-12-05', 32),
(123, 8, 65, '2023-12-05', 32),
(124, 8, 55, '2023-12-05', 32),
(125, 8, 60, '2023-12-05', 32),
(126, 8, 62, '2023-12-05', 32),
(127, 8, 63, '2023-12-05', 32),
(128, 8, 50, '2023-12-05', 33),
(129, 8, 25, '2023-12-05', 33),
(130, 8, 12, '2023-12-05', 33),
(131, 8, 15, '2023-12-05', 33),
(132, 8, 16, '2023-12-05', 33),
(133, 8, 17, '2023-12-05', 33),
(134, 8, 19, '2023-12-05', 33),
(135, 8, 20, '2023-12-05', 33),
(136, 8, 22, '2023-12-05', 33),
(137, 8, 21, '2023-12-05', 33),
(138, 8, 50, '2023-12-05', 34),
(139, 9, 50, '2023-12-05', 35),
(140, 9, 25, '2023-12-05', 35),
(141, 9, 37, '2023-12-05', 35),
(142, 9, 45, '2023-12-05', 35),
(143, 9, 49, '2023-12-05', 35),
(144, 9, 48, '2023-12-05', 35),
(145, 9, 47, '2023-12-05', 35),
(146, 5, 25, '2023-12-05', 18),
(147, 5, 75, '2023-12-05', 18),
(148, 5, 60, '2023-12-05', 18),
(149, 5, 55, '2023-12-05', 18),
(150, 5, 45, '2023-12-05', 18),
(151, 5, 40, '2023-12-05', 18),
(152, 5, 30, '2023-12-05', 18),
(153, 5, 25, '2023-12-05', 18),
(154, 5, 27, '2023-12-05', 18),
(155, 5, 29, '2023-12-05', 18);

-- --------------------------------------------------------

--
-- Structure de la table `games`
--

CREATE TABLE `games` (
  `id` int(11) NOT NULL,
  `user_id` int(11) NOT NULL,
  `attemps` int(11) NOT NULL,
  `game_date` date DEFAULT current_timestamp(),
  `finished` tinyint(1) DEFAULT 0,
  `mys_number` int(11) DEFAULT NULL
) ENGINE=InnoDB DEFAULT CHARSET=utf8mb4 COLLATE=utf8mb4_general_ci;

--
-- Déchargement des données de la table `games`
--

INSERT INTO `games` (`id`, `user_id`, `attemps`, `game_date`, `finished`, `mys_number`) VALUES
(9, 3, 3, '2023-12-05', 1, 72),
(10, 3, 2, '2023-12-05', 0, 42),
(11, 4, 6, '2023-12-05', 1, 89),
(12, 4, 5, '2023-12-05', 1, 10),
(13, 4, 10, '2023-12-05', 1, 97),
(14, 4, 8, '2023-12-05', 1, 39),
(15, 4, 6, '2023-12-05', 1, 29),
(16, 5, 8, '2023-12-05', 1, 67),
(17, 5, 2, '2023-12-05', 1, 97),
(18, 5, 11, '2023-12-05', 1, 29),
(19, 6, 5, '2023-12-05', 1, 94),
(20, 6, 4, '2023-12-05', 1, 74),
(21, 6, 6, '2023-12-05', 1, 85),
(22, 6, 2, '2023-12-05', 1, 32),
(23, 6, 3, '2023-12-05', 1, 7),
(24, 6, 3, '2023-12-05', 1, 83),
(25, 6, 0, '2023-12-05', 0, 62),
(26, 4, 7, '2023-12-05', 1, 98),
(27, 4, 6, '2023-12-05', 1, 77),
(28, 4, 7, '2023-12-05', 1, 81),
(29, 4, 1, '2023-12-05', 0, 75),
(30, 8, 3, '2023-12-05', 1, 17),
(31, 8, 12, '2023-12-05', 1, 59),
(32, 8, 8, '2023-12-05', 1, 63),
(33, 8, 10, '2023-12-05', 1, 21),
(34, 8, 1, '2023-12-05', 0, 64),
(35, 9, 7, '2023-12-05', 1, 47),
(36, 9, 0, '2023-12-05', 0, 18),
(37, 5, 0, '2023-12-05', 0, 95);

-- --------------------------------------------------------

--
-- Structure de la table `users`
--

CREATE TABLE `users` (
  `id` int(11) NOT NULL,
  `username` varchar(255) NOT NULL,
  `password` varchar(255) NOT NULL,
  `name` varchar(50) NOT NULL
) ENGINE=InnoDB DEFAULT CHARSET=utf8mb4 COLLATE=utf8mb4_general_ci;

--
-- Déchargement des données de la table `users`
--

INSERT INTO `users` (`id`, `username`, `password`, `name`) VALUES
(3, 'admin', '$2y$10$ivnuH2LN.wGo/wDneqvzJeclbLs7POE/AimX6p/TkrJFo.akvmSLm', 'admin'),
(4, 'oussama', '$2y$10$mZ61VvVc06nEpA9iyyOn8ONh/Tn9AolB1HVJiDE.BIqlGBBXhTM7y', 'oussama'),
(5, 'jacer_chetoui', '$2y$10$5z2n7RrNa84hC1RKepYBXujqtd2xlwx2iG2a6.2FVEoooEk27UbiO', 'jacer'),
(6, 'fares_gabsi', '$2y$10$LXOyV5nu06ktLWaP8CsO/uyOtn8VE0di46gyssZ.VjCC17Y8QSuv.', 'fares'),
(7, 'iheb321', '$2y$10$gw3V9llugW.i5A/1FdZxWOzsPOHjMrGcguacMYOfMJuUxKF825Ove', 'iheb'),
(8, 'iheb_haded', '$2y$10$NHDfBmU8/b5yBlFO9sUd7OkKrhNeLX32REQOqotBheDCb0qPvE6Eq', 'iheb'),
(9, 'ahmed_ahmed', '$2y$10$eRWQkM4v2vZ.0hBdEWFEduc4tdNi21Nlwj5ATAa7tGymg0nE0QCNG', 'ahmed');

--
-- Index pour les tables déchargées
--

--
-- Index pour la table `attemps`
--
ALTER TABLE `attemps`
  ADD PRIMARY KEY (`id`),
  ADD KEY `user_id` (`user_id`),
  ADD KEY `game_id` (`game_id`);

--
-- Index pour la table `games`
--
ALTER TABLE `games`
  ADD PRIMARY KEY (`id`),
  ADD KEY `fk_highscores_users` (`user_id`);

--
-- Index pour la table `users`
--
ALTER TABLE `users`
  ADD PRIMARY KEY (`id`);

--
-- AUTO_INCREMENT pour les tables déchargées
--

--
-- AUTO_INCREMENT pour la table `attemps`
--
ALTER TABLE `attemps`
  MODIFY `id` int(11) NOT NULL AUTO_INCREMENT, AUTO_INCREMENT=156;

--
-- AUTO_INCREMENT pour la table `games`
--
ALTER TABLE `games`
  MODIFY `id` int(11) NOT NULL AUTO_INCREMENT, AUTO_INCREMENT=38;

--
-- AUTO_INCREMENT pour la table `users`
--
ALTER TABLE `users`
  MODIFY `id` int(11) NOT NULL AUTO_INCREMENT, AUTO_INCREMENT=10;

--
-- Contraintes pour les tables déchargées
--

--
-- Contraintes pour la table `attemps`
--
ALTER TABLE `attemps`
  ADD CONSTRAINT `attemps_ibfk_1` FOREIGN KEY (`user_id`) REFERENCES `users` (`id`),
  ADD CONSTRAINT `attemps_ibfk_2` FOREIGN KEY (`game_id`) REFERENCES `games` (`id`);
COMMIT;

/*!40101 SET CHARACTER_SET_CLIENT=@OLD_CHARACTER_SET_CLIENT */;
/*!40101 SET CHARACTER_SET_RESULTS=@OLD_CHARACTER_SET_RESULTS */;
/*!40101 SET COLLATION_CONNECTION=@OLD_COLLATION_CONNECTION */;
